City_ID,City,Country,Date,Lat,Lng,Max Temp,Humidity,Cloudiness,Wind Speed
0,Hobart,AU,2022-10-14 13:58:24,-42.8794,147.3294,51.66,88,75,5.75
1,Kolondieba,ML,2022-10-14 14:02:36,11.0882,-6.8926,92.48,42,56,2.91
2,Marawi,PH,2022-10-14 14:02:37,7.9986,124.2928,70.3,93,100,4.99
3,Avarua,CK,2022-10-14 13:59:56,-21.2078,-159.775,75.25,94,100,9.22
4,Busselton,AU,2022-10-14 13:54:52,-33.65,115.3333,51.91,89,24,8.55
5,Ushuaia,AR,2022-10-14 13:58:08,-54.8,-68.3,49.62,61,20,23.02
6,Guerrero Negro,MX,2022-10-14 14:02:38,27.9769,-114.0611,67.35,78,97,12.53
7,Sawakin,SD,2022-10-14 14:02:39,19.1059,37.3321,90.07,60,51,10.22
8,Butaritari,KI,2022-10-14 14:02:40,3.0707,172.7902,80.26,80,100,12.73
9,Dikson,RU,2022-10-14 14:02:40,73.5069,80.5464,33.67,98,100,25.5
10,Arbuzynka,UA,2022-10-14 14:02:41,47.9097,31.3196,55.31,40,21,7.76
11,Sawtell,AU,2022-10-14 14:02:41,-30.3833,153.1,60.82,72,0,8.05
12,Raudeberg,NO,2022-10-14 14:02:42,61.9875,5.1352,46.96,2,91,19.48
13,Inhambane,MZ,2022-10-14 14:02:43,-23.865,35.3833,77.94,64,0,12.12
14,Belmonte,BR,2022-10-14 14:02:43,-15.8631,-38.8828,80.11,65,85,5.48
15,Arman,RU,2022-10-14 14:02:44,59.7,150.1667,27.43,72,96,6.69
16,Punta Arenas,CL,2022-10-14 14:02:44,-53.15,-70.9167,50.11,66,94,21.9
17,Sao Jose Da Coroa Grande,BR,2022-10-14 13:59:54,-8.8978,-35.1478,81.3,63,82,10.78
18,Namatanai,PG,2022-10-14 14:02:45,-3.6667,152.4333,79.56,78,96,6.82
19,Nikolskoye,RU,2022-10-14 13:59:47,59.7035,30.7861,49.91,80,100,7.25
20,Mataura,NZ,2022-10-14 14:02:46,-46.1927,168.8643,40.6,98,2,2.06
21,Saint Anthony,US,2022-10-14 14:01:38,45.0205,-93.218,34.12,93,100,5.75
22,Bronnoysund,NO,2022-10-14 14:02:47,65.4625,12.1997,50.0,71,20,18.41
23,Lumsden,CA,2022-10-14 14:02:48,50.6501,-104.8678,30.0,44,57,5.73
24,Samarai,PG,2022-10-14 14:02:49,-10.6167,150.6667,81.07,83,100,7.18
25,Hilo,US,2022-10-14 14:00:06,19.7297,-155.09,80.28,95,95,1.99
26,Rikitea,PF,2022-10-14 14:00:06,-23.1203,-134.9692,70.34,79,94,2.51
27,Qaanaaq,GL,2022-10-14 14:02:50,77.484,-69.3632,23.32,96,100,5.77
28,Mahebourg,MU,2022-10-14 14:01:08,-20.4081,57.7,73.26,67,5,14.38
29,Klaksvik,FO,2022-10-14 14:02:51,62.2266,-6.589,45.52,84,100,21.05
30,Albany,US,2022-10-14 14:02:51,42.6001,-73.9662,53.29,93,40,5.66
31,Hithadhoo,MV,2022-10-14 14:02:52,-0.6,73.0833,82.27,69,6,18.07
32,Hambantota,LK,2022-10-14 14:02:52,6.1241,81.1185,77.34,100,75,3.44
33,Port Alfred,ZA,2022-10-14 14:02:53,-33.5906,26.891,66.18,91,99,4.0
34,Atuona,PF,2022-10-14 13:59:45,-9.8,-139.0333,76.64,78,8,18.48
35,Kasongo,CD,2022-10-14 14:02:54,-4.45,26.6667,95.41,25,32,3.96
36,Tuktoyaktuk,CA,2022-10-14 14:00:04,69.4541,-133.0374,26.6,67,98,20.69
37,Alta Floresta,BR,2022-10-14 14:01:03,-9.8756,-56.0861,89.06,47,86,4.85
38,Cabedelo,BR,2022-10-14 14:02:55,-6.9811,-34.8339,81.79,63,39,15.1
39,Nome,US,2022-10-14 14:02:56,64.5011,-165.4064,26.67,68,0,9.22
40,Mount Gambier,AU,2022-10-14 14:02:56,-37.8333,140.7667,46.49,96,50,5.57
41,Cape Town,ZA,2022-10-14 14:02:57,-33.9258,18.4232,70.12,75,98,15.99
42,Jipapad,PH,2022-10-14 14:02:57,12.2861,125.2353,77.18,91,98,3.27
43,Yulara,AU,2022-10-14 14:01:20,-25.2406,130.9889,64.33,29,0,11.52
44,Leh,IN,2022-10-14 14:02:58,34.1667,77.5833,45.21,31,60,5.19
45,Victor Harbor,AU,2022-10-14 14:03:59,-35.5667,138.6167,55.0,83,20,8.48
46,Whakatane,NZ,2022-10-14 14:03:59,-37.9585,176.9854,49.77,89,100,1.99
47,Todos Santos,MX,2022-10-14 14:02:42,23.45,-110.2167,70.66,84,76,5.12
48,Lavrentiya,RU,2022-10-14 14:04:01,65.5833,-171.0,24.85,74,26,4.47
49,Hermanus,ZA,2022-10-14 14:04:02,-34.4187,19.2345,60.8,82,100,17.52
50,Mount Isa,AU,2022-10-14 14:04:03,-20.7333,139.5,74.97,38,41,9.22
51,Rosbach,DE,2022-10-14 14:04:04,50.8,7.6167,59.41,96,100,6.67
52,Egvekinot,RU,2022-10-14 14:04:06,66.3167,-179.1667,11.68,75,40,3.04
53,Severo-Kurilsk,RU,2022-10-14 14:04:07,50.6789,156.125,46.4,87,68,8.84
54,Nouadhibou,MR,2022-10-14 14:04:07,20.931,-17.0347,71.42,82,0,15.93
55,Korhogo,CI,2022-10-14 14:04:08,9.45,-5.6333,87.84,51,92,1.9
56,Jamestown,US,2022-10-14 14:04:09,42.097,-79.2353,49.59,86,75,10.36
57,Dunedin,NZ,2022-10-14 14:00:58,-45.8742,170.5036,48.79,81,54,1.99
58,San Jeronimo,PE,2022-10-14 14:04:10,-11.9472,-75.2829,56.34,52,64,1.5
59,Pisco,PE,2022-10-14 14:04:11,-13.7,-76.2167,63.01,72,20,9.22
60,Pevek,RU,2022-10-14 14:04:11,69.7008,170.3133,15.55,88,95,9.19
61,Sinjai,ID,2022-10-14 14:01:46,-5.1241,120.253,77.5,87,87,3.94
62,Mahajanga,MG,2022-10-14 14:03:26,-15.7167,46.3167,84.22,45,20,12.66
63,Aklavik,CA,2022-10-14 14:04:13,68.2191,-135.0107,23.22,59,35,2.39
64,Puerto Maldonado,PE,2022-10-14 14:04:14,-12.6,-69.1833,73.8,88,75,4.61
65,Ilo,PE,2022-10-14 14:04:14,-17.6394,-71.3375,61.66,77,100,11.5
66,Santa Maria,BR,2022-10-14 14:04:15,-29.6842,-53.8069,61.18,68,97,14.12
67,Upernavik,GL,2022-10-14 14:04:16,72.7868,-56.1549,26.67,69,100,27.31
68,Nouakchott,MR,2022-10-14 14:04:17,18.0858,-15.9785,85.93,59,8,6.93
69,Shingu,JP,2022-10-14 14:04:17,33.7333,135.9833,64.87,82,1,5.1
70,Saint-Philippe,RE,2022-10-14 13:59:46,-21.3585,55.7679,74.79,73,32,12.24
71,Tynset,NO,2022-10-14 14:04:18,62.2759,10.7824,47.82,77,31,14.09
72,Aksu,CN,2022-10-14 14:04:19,41.1231,80.2644,60.85,22,6,3.42
73,Vaini,TO,2022-10-14 13:59:46,-21.2,-175.2,75.36,94,75,10.36
74,Lompoc,US,2022-10-14 14:04:20,34.6391,-120.4579,61.79,94,100,0.0
75,Tuatapere,NZ,2022-10-14 14:04:21,-46.1333,167.6833,43.03,89,0,3.67
76,Luderitz,NA,2022-10-14 13:59:40,-26.6481,15.1594,73.42,49,98,25.81
77,Coahuayana,MX,2022-10-14 14:04:23,18.7333,-103.6833,79.23,89,86,1.05
78,Cockburn Town,TC,2022-10-14 14:04:24,21.4612,-71.1419,84.16,70,40,8.05
79,Georgetown,MY,2022-10-14 14:01:36,5.4112,100.3354,83.23,85,40,4.61
80,Kloulklubed,PW,2022-10-14 14:00:47,7.0419,134.2556,75.7,76,100,15.01
81,Chongwe,ZM,2022-10-14 14:04:26,-15.3292,28.682,90.61,15,4,11.36
82,Manicore,BR,2022-10-14 14:04:26,-5.8092,-61.3003,81.82,71,97,1.19
83,Bluff,NZ,2022-10-14 14:04:28,-46.6,168.3333,48.81,86,4,5.39
84,Takoradi,GH,2022-10-14 14:04:29,4.8845,-1.7554,80.76,77,100,12.73
85,San Patricio,US,2022-10-14 13:59:48,28.017,-97.5169,81.84,77,0,6.69
86,Warwick,US,2022-10-14 14:01:58,41.7001,-71.4162,68.38,97,100,8.05
87,Moussoro,TD,2022-10-14 14:04:31,13.6408,16.4901,99.43,9,23,17.98
88,Port Lincoln,AU,2022-10-14 14:04:31,-34.7333,135.8667,55.63,66,100,8.43
89,Abaza,RU,2022-10-14 14:04:32,52.655,90.0928,30.11,87,3,1.81
90,Urumqi,CN,2022-10-14 14:05:33,43.801,87.6005,52.75,30,0,6.71
91,Port Blair,IN,2022-10-14 14:05:33,11.6667,92.75,81.73,75,94,3.24
92,Esperance,AU,2022-10-14 14:05:34,-33.8667,121.9,53.51,82,24,8.12
93,Belle Fourche,US,2022-10-14 14:05:35,44.6714,-103.8522,59.05,41,69,18.43
94,Padang,ID,2022-10-14 14:05:36,-0.9492,100.3543,77.05,85,80,1.66
95,Panacan,PH,2022-10-14 14:05:37,9.2463,118.4082,78.73,81,100,5.61
96,Bredasdorp,ZA,2022-10-14 14:05:37,-34.5322,20.0403,58.84,81,100,13.27
97,Tasiilaq,GL,2022-10-14 14:05:38,65.6145,-37.6368,30.36,64,0,8.68
98,Khudumelapye,BW,2022-10-14 14:05:38,-23.8833,24.75,95.2,9,30,7.14
99,Isla Vista,US,2022-10-14 14:05:39,34.4133,-119.861,63.82,90,100,4.61
100,Cherskiy,RU,2022-10-14 14:05:39,68.75,161.3,2.23,97,100,6.04
101,Batagay,RU,2022-10-14 14:05:40,67.6333,134.6333,1.92,96,85,3.24
102,Carnarvon,AU,2022-10-14 14:05:41,-24.8667,113.6333,67.28,68,0,18.72
103,Ostrovnoy,RU,2022-10-14 14:05:41,68.0531,39.5131,43.45,94,100,4.29
104,Sibi,PK,2022-10-14 14:05:42,29.5448,67.8764,87.04,14,0,4.94
105,Kjollefjord,NO,2022-10-14 14:05:42,70.9457,27.3465,41.05,87,20,3.44
106,Cap-Chat,CA,2022-10-14 14:05:43,49.1001,-66.6821,55.62,87,100,10.92
107,Barrow,US,2022-10-14 14:05:43,71.2906,-156.7887,26.62,80,100,27.63
108,Bethel,US,2022-10-14 13:59:59,41.3712,-73.414,56.93,88,75,5.75
109,Hasaki,JP,2022-10-14 14:05:44,35.7333,140.8333,66.6,80,84,17.67
110,Tulangan,ID,2022-10-14 14:05:44,-7.4935,112.6631,82.33,83,40,6.91
111,Chuy,UY,2022-10-14 13:59:43,-33.6971,-53.4616,58.05,45,10,11.56
112,Kedgwick,CA,2022-10-14 14:05:45,47.6446,-67.3434,58.32,77,100,12.75
113,Kavieng,PG,2022-10-14 14:05:45,-2.5744,150.7967,81.84,74,24,11.9
114,Ponta Do Sol,PT,2022-10-14 14:05:46,32.6667,-17.1,80.71,66,25,1.99
115,Talara,PE,2022-10-14 14:05:46,-4.5772,-81.2719,65.16,77,0,17.27
116,Provideniya,RU,2022-10-14 13:59:58,64.3833,-173.3,23.85,74,88,7.94
117,Arraial Do Cabo,BR,2022-10-14 13:59:44,-22.9661,-42.0278,78.66,73,40,21.85
118,Abu Samrah,SY,2022-10-14 14:05:47,35.3029,37.1841,79.72,33,0,8.32
119,Bara,NG,2022-10-14 14:01:22,10.3744,10.7288,93.38,29,100,7.81
120,Chengde,CN,2022-10-14 14:05:48,40.9725,117.9361,54.99,43,0,1.92
121,Kodiak,US,2022-10-14 14:05:49,57.79,-152.4072,38.71,87,75,4.61
122,Florianopolis,BR,2022-10-14 14:04:12,-27.6146,-48.5012,65.62,89,75,13.8
123,Namibe,AO,2022-10-14 14:05:50,-15.1961,12.1522,72.81,74,31,12.37
124,Lata,PT,2022-10-14 14:05:50,40.1629,-8.3327,78.49,51,0,7.99
125,Norman Wells,CA,2022-10-14 14:05:51,65.282,-126.8329,20.21,92,75,8.1
126,Majene,ID,2022-10-14 14:05:52,-3.5403,118.9707,79.9,84,100,4.45
127,Salinopolis,BR,2022-10-14 14:05:52,-0.6136,-47.3561,85.73,67,58,14.36
128,Vao,NC,2022-10-14 14:05:53,-22.6667,167.4833,69.4,65,1,13.09
129,Sault Sainte Marie,CA,2022-10-14 14:03:30,46.5168,-84.3333,43.09,89,100,8.05
130,Vanimo,PG,2022-10-14 14:05:54,-2.6741,141.3028,78.35,87,66,5.39
131,Xique-Xique,BR,2022-10-14 14:05:54,-10.8218,-42.7263,87.93,37,8,8.55
132,Ribeira Grande,PT,2022-10-14 14:05:55,38.5167,-28.7,75.6,88,40,16.11
133,Khatanga,RU,2022-10-14 14:05:56,71.9667,102.5,25.84,84,100,17.02
134,Maragogi,BR,2022-10-14 14:05:56,-9.0122,-35.2225,81.19,64,76,10.94
135,Andros,GR,2022-10-14 14:05:57,37.8333,24.9333,68.56,65,100,11.01
136,San Cristobal,VE,2022-10-14 14:05:58,7.7669,-72.225,71.78,59,100,3.09
137,Longyearbyen,SJ,2022-10-14 14:06:58,78.2186,15.6401,24.64,68,75,12.66
138,Calama,CL,2022-10-14 14:06:58,-22.4667,-68.9333,68.49,4,0,14.97
139,Berlevag,NO,2022-10-14 14:06:59,70.8578,29.0864,37.4,87,100,4.61
140,Rampur Hat,IN,2022-10-14 14:07:00,24.1667,87.7833,79.83,72,0,3.96
141,Rawson,AR,2022-10-14 14:07:00,-43.3002,-65.1023,58.78,32,0,8.05
142,Kununurra,AU,2022-10-14 14:02:10,-15.7667,128.7333,82.38,57,50,8.05
143,Shimoda,JP,2022-10-14 14:07:01,34.6667,138.95,65.1,83,100,15.75
144,Kaitangata,NZ,2022-10-14 14:07:02,-46.2817,169.8464,42.17,95,17,5.44
145,Rockingham,US,2022-10-14 14:07:04,42.9668,-71.0995,66.2,89,100,1.99
146,Otofuke,JP,2022-10-14 14:07:04,42.9917,143.2003,52.48,95,100,0.34
147,Tiksi,RU,2022-10-14 14:07:05,71.6872,128.8694,16.07,92,94,8.37
148,Saldanha,ZA,2022-10-14 14:07:06,-33.0117,17.9442,62.24,79,79,28.92
149,Saskylakh,RU,2022-10-14 14:07:07,71.9167,114.0833,13.3,89,100,8.81
150,Anito,PH,2022-10-14 14:07:08,12.4497,125.2886,78.82,89,95,6.82
151,Yar-Sale,RU,2022-10-14 14:07:09,66.8333,70.8333,41.95,88,100,9.73
152,Lagoa,PT,2022-10-14 14:07:09,39.05,-27.9833,70.45,89,99,15.08
153,Moyale,KE,2022-10-14 14:07:10,3.5167,39.0584,76.68,49,75,12.1
154,Hovd,MN,2022-10-14 14:07:11,48.0056,91.6419,34.5,47,6,3.78
155,Novorzhev,RU,2022-10-14 14:07:11,57.0294,29.3338,49.93,70,88,6.13
156,Brooks,CA,2022-10-14 14:07:12,50.5834,-111.8851,54.63,37,100,9.28
157,Lapeer,US,2022-10-14 14:03:05,43.0514,-83.3188,42.8,61,100,9.22
158,Kalmunai,LK,2022-10-14 14:07:13,7.4167,81.8167,79.09,84,92,5.88
159,Paamiut,GL,2022-10-14 14:07:14,61.994,-49.6678,31.37,48,0,17.69
160,Alofi,NU,2022-10-14 14:07:14,-19.0595,-169.9187,77.14,81,72,13.09
161,La Ronge,CA,2022-10-14 14:07:15,55.1001,-105.2842,29.17,72,2,4.07
162,Amapa,BR,2022-10-14 14:07:16,1.0,-52.0,89.83,48,69,6.33
163,Puerto Ayora,EC,2022-10-14 14:07:16,-0.7393,-90.3518,69.76,99,97,5.99
164,Yellowknife,CA,2022-10-14 14:07:17,62.456,-114.3525,39.56,75,100,23.0
165,Pangkalanbuun,ID,2022-10-14 14:07:18,-2.6833,111.6167,76.86,89,100,1.41
166,Castro,BR,2022-10-14 13:59:54,-24.7911,-50.0119,59.22,96,100,5.88
167,Seversk,RU,2022-10-14 14:07:19,56.6006,84.8864,36.09,85,48,5.48
168,Tongren,CN,2022-10-14 14:07:20,27.7172,109.1853,63.93,47,0,3.85
169,Airai,TL,2022-10-14 13:59:57,-8.9266,125.4092,62.71,92,55,1.57
170,Impfondo,CG,2022-10-14 13:59:50,1.6381,18.0667,84.24,59,87,2.98
171,Paracatu,BR,2022-10-14 14:04:35,-17.2222,-46.8747,88.11,26,30,7.11
172,Geraldton,AU,2022-10-14 14:07:22,-28.7667,114.6,59.41,77,75,11.5
173,Bozeman,US,2022-10-14 14:05:00,45.6796,-111.0386,38.62,86,0,3.44
174,Synya,RU,2022-10-14 14:07:23,65.3718,58.0387,39.34,91,89,1.36
175,Kapaa,US,2022-10-14 14:04:25,22.0752,-159.319,75.18,93,75,4.61
176,Pandan,PH,2022-10-14 14:07:24,14.0453,124.1694,81.36,83,91,11.9
177,Talnakh,RU,2022-10-14 14:07:26,69.4865,88.3972,31.91,99,100,10.22
178,Ngaoundere,CM,2022-10-14 14:07:26,7.3167,13.5833,75.11,77,56,6.04
179,Mlonggo,ID,2022-10-14 14:08:27,-6.5333,110.7,80.53,81,100,6.17
180,Bilgoraj,PL,2022-10-14 14:08:27,50.5411,22.722,61.66,56,73,5.55
181,Igarka,RU,2022-10-14 14:08:28,67.4667,86.5833,35.73,90,100,17.25
182,Lusambo,CD,2022-10-14 14:08:29,-4.9667,23.45,101.66,18,24,3.53
183,Husavik,IS,2022-10-14 14:08:29,66.0449,-17.3389,37.33,94,100,12.8
184,Savelugu,GH,2022-10-14 14:08:30,9.6244,-0.8253,87.55,53,94,5.55
185,Grindavik,IS,2022-10-14 13:59:58,63.8424,-22.4338,41.47,65,0,17.27
186,Beloha,MG,2022-10-14 13:59:53,-25.1667,45.05,86.18,34,0,15.88
187,Taltal,CL,2022-10-14 14:08:31,-25.4,-70.4833,61.27,71,16,4.03
188,Adrar,MR,2022-10-14 14:08:33,20.5022,-10.0711,94.06,16,100,4.03
189,Tadine,NC,2022-10-14 14:08:33,-21.55,167.8833,68.65,68,8,9.62
190,Snyder,US,2022-10-14 14:08:34,32.7179,-100.9176,57.54,44,0,4.61
191,Isangel,VU,2022-10-14 14:08:36,-19.55,169.2667,70.16,73,6,8.16
192,Mamallapuram,IN,2022-10-14 14:08:36,12.6264,80.1722,84.25,72,100,7.52
193,Buchanan,LR,2022-10-14 14:05:25,5.8808,-10.0467,79.03,80,100,7.36
194,Fortuna,US,2022-10-14 14:08:37,40.5982,-124.1573,47.32,100,100,3.44
195,Thames,NZ,2022-10-14 14:08:37,-37.1333,175.5333,52.27,73,100,8.86
196,Alacranes,CU,2022-10-14 14:08:38,22.7675,-81.5675,79.29,77,100,2.3
197,Moranbah,AU,2022-10-14 14:08:38,-22.0016,148.0466,70.72,80,0,9.91
198,Vestmannaeyjar,IS,2022-10-14 14:08:39,63.4427,-20.2734,45.59,61,20,5.75
199,Cochrane,CA,2022-10-14 14:08:39,51.1834,-114.4687,52.12,28,59,4.7
200,Allonnes,FR,2022-10-14 14:08:40,47.9674,0.1581,66.24,88,100,14.97
201,Nanortalik,GL,2022-10-14 14:00:01,60.1432,-45.2371,33.87,63,2,7.72
202,Bathsheba,BB,2022-10-14 14:08:41,13.2167,-59.5167,88.41,62,20,13.8
203,Minsk,BY,2022-10-14 14:08:26,53.9,27.5667,53.35,63,30,8.46
204,Mar Del Plata,AR,2022-10-14 13:58:35,-38.0023,-57.5575,54.95,55,0,5.99
205,Port Elizabeth,ZA,2022-10-14 14:08:41,-33.918,25.5701,69.1,98,99,3.0
206,Kralendijk,BQ,2022-10-14 14:08:42,12.15,-68.2667,87.78,70,40,14.97
207,Lebu,CL,2022-10-14 14:08:42,-37.6167,-73.65,54.28,72,28,15.39
208,Chokurdakh,RU,2022-10-14 14:08:43,70.6333,147.9167,10.36,92,100,6.6
209,Lima Duarte,BR,2022-10-14 14:08:43,-21.8425,-43.7931,85.5,37,3,4.47
210,Hamilton,US,2022-10-14 14:06:47,39.1834,-84.5333,52.77,67,0,10.36
211,Torbay,CA,2022-10-14 14:08:44,47.6666,-52.7314,58.39,83,26,1.99
212,Port Hueneme,US,2022-10-14 14:08:44,34.1478,-119.1951,66.33,92,100,3.44
213,Porto Novo,BJ,2022-10-14 14:08:45,6.4965,2.6036,83.98,64,100,8.9
214,Grong,NO,2022-10-14 14:08:46,64.4654,12.3149,47.48,75,39,11.05
215,Sitka,US,2022-10-14 14:05:56,57.0531,-135.33,42.69,81,20,6.91
216,Marand,IR,2022-10-14 14:08:46,38.4329,45.7749,66.96,32,100,2.8
217,Verkhnevilyuysk,RU,2022-10-14 14:08:47,63.4453,120.3167,26.62,96,98,5.95
218,Beian,NO,2022-10-14 14:08:47,63.6559,9.5683,53.01,66,20,14.97
219,Valparaiso,CL,2022-10-14 14:08:48,-33.0393,-71.6273,75.43,50,0,11.5
220,Yajalon,MX,2022-10-14 14:08:48,17.2333,-92.3333,71.62,87,81,2.44
221,Cheney,US,2022-10-14 14:04:38,47.4874,-117.5758,46.42,79,75,6.91
222,Ashqelon,IL,2022-10-14 14:08:49,31.6693,34.5715,79.79,57,1,10.74
223,Jinchang,CN,2022-10-14 14:08:50,38.4953,102.1739,53.26,26,81,3.67
224,Tocopilla,CL,2022-10-14 14:08:50,-22.092,-70.1979,63.95,62,1,4.68
225,Cabo San Lucas,MX,2022-10-14 14:06:44,22.8909,-109.9124,75.51,72,12,4.0
226,Horsham,GB,2022-10-14 14:08:51,51.064,-0.3272,61.74,87,40,6.91
227,Mastic Beach,US,2022-10-14 14:09:52,40.7668,-72.8521,61.99,91,9,1.99
228,Yendi,GH,2022-10-14 14:09:52,9.4427,-0.0099,85.05,61,99,4.68
229,Beringovskiy,RU,2022-10-14 14:09:53,63.05,179.3167,28.4,70,96,1.59
230,Deputatskiy,RU,2022-10-14 14:09:53,69.3,139.9,-3.5,96,98,6.22
231,Caravelas,BR,2022-10-14 14:09:54,-17.7125,-39.2481,80.98,62,60,9.82
232,Kuito,AO,2022-10-14 14:09:54,-12.3833,16.9333,83.57,24,76,8.5
233,Salalah,OM,2022-10-14 13:59:59,17.0151,54.0924,78.96,65,58,6.2
234,Clyde River,CA,2022-10-14 14:09:55,70.4692,-68.5914,19.24,84,64,2.35
235,Yarmouth,US,2022-10-14 14:09:56,41.7057,-70.2286,68.14,95,100,13.8
236,Kadoma,JP,2022-10-14 14:09:56,34.7333,135.5833,71.58,54,2,5.37
237,Eravur,LK,2022-10-14 14:09:57,7.7733,81.6095,78.12,86,92,5.68
238,Gamboma,CG,2022-10-14 14:09:57,-1.8764,15.8644,86.13,60,94,2.06
239,Thompson,CA,2022-10-14 14:09:58,55.7435,-97.8558,33.96,100,100,6.91
240,Eyl,SO,2022-10-14 14:09:58,7.9803,49.8164,81.18,70,92,20.49
241,Pinheiro Machado,BR,2022-10-14 14:09:59,-31.5783,-53.3811,55.06,72,0,11.61
242,Anshan,CN,2022-10-14 14:09:59,41.1236,122.99,54.23,75,0,6.4
243,Portsmouth,GB,2022-10-14 14:10:00,50.799,-1.0913,61.14,91,100,8.01
244,Masvingo,ZW,2022-10-14 14:10:00,-20.0637,30.8277,91.18,12,25,11.32
245,Cidreira,BR,2022-10-14 14:10:01,-30.1811,-50.2056,63.45,70,100,13.13
246,Coquimbo,CL,2022-10-14 14:10:04,-29.9533,-71.3436,56.93,82,20,11.5
247,Grand Gaube,MU,2022-10-14 14:10:07,-20.0064,57.6608,73.38,62,1,8.99
248,Vila Franca Do Campo,PT,2022-10-14 14:10:11,37.7167,-25.4333,73.81,72,87,9.62
249,Dapaong,TG,2022-10-14 14:10:13,10.8639,0.205,83.08,62,100,6.44
250,Ravar,IR,2022-10-14 14:10:14,31.2656,56.8055,77.43,12,11,3.31
251,Shache,CN,2022-10-14 14:10:15,38.4167,77.2406,62.89,13,0,6.46
252,Denizli,TR,2022-10-14 14:10:15,37.8402,29.0698,75.36,41,84,5.82
253,Thinadhoo,MV,2022-10-14 14:10:16,0.5333,72.9333,82.09,73,90,17.52
254,Hofn,IS,2022-10-14 14:10:17,64.2539,-15.2082,44.62,53,20,13.8
255,Whitehorse,CA,2022-10-14 14:10:19,60.7161,-135.0538,26.31,69,88,4.0
256,Oxelosund,SE,2022-10-14 14:10:20,58.6706,17.1015,53.98,76,0,8.05
257,Merrill,US,2022-10-14 14:10:22,45.1805,-89.6835,33.98,93,100,4.61
258,Mehamn,NO,2022-10-14 14:10:22,71.0357,27.8492,37.35,87,20,3.44
259,Marzuq,YE,2022-10-14 14:10:23,14.4,46.4667,82.15,26,7,3.4
260,Postojna,SI,2022-10-14 14:10:24,45.7769,14.2167,67.42,66,54,6.85
261,Storforshei,NO,2022-10-14 14:10:25,66.4043,14.5233,46.18,56,0,13.8
262,Alyangula,AU,2022-10-14 14:10:26,-13.8483,136.4192,80.73,80,8,10.31
263,Santa Maria Del Oro,MX,2022-10-14 14:10:27,25.9333,-105.3667,63.43,60,1,2.42
264,Vangaindrano,MG,2022-10-14 14:10:27,-23.35,47.6,74.89,65,55,10.78
265,Matara,LK,2022-10-14 14:10:28,5.9485,80.5353,77.29,90,100,9.8
266,Akhnur,IN,2022-10-14 14:10:29,32.8667,74.7333,78.17,47,0,3.02
267,Kahului,US,2022-10-14 14:10:30,20.8947,-156.47,76.84,78,0,5.75
268,Prainha,BR,2022-10-14 14:10:31,-1.8,-53.48,89.92,52,94,5.95
269,San Andres,CO,2022-10-14 14:10:31,12.5847,-81.7006,86.02,74,40,6.91
270,Mecca,SA,2022-10-14 14:08:35,21.4267,39.8261,90.73,38,45,16.04
271,Souillac,MU,2022-10-14 14:10:32,-20.5167,57.5167,71.49,67,1,14.14
272,Watsa,CD,2022-10-14 14:10:34,3.0372,29.5355,75.25,87,95,4.27
273,Aswan,EG,2022-10-14 14:11:35,24.0934,32.907,93.56,17,0,10.27
274,Lorengau,PG,2022-10-14 14:11:35,-2.0226,147.2712,81.48,72,49,9.62
275,Boyuibe,BO,2022-10-14 14:11:36,-20.4167,-63.2833,78.06,42,100,8.41
276,Dire Dawa,ET,2022-10-14 14:11:36,9.5931,41.8661,84.56,24,16,5.97
277,Athens,GR,2022-10-14 14:11:00,37.9795,23.7162,67.15,72,40,15.01
278,Bambous Virieux,MU,2022-10-14 14:11:37,-20.3428,57.7575,73.22,67,7,14.25
279,Dharchula,IN,2022-10-14 14:11:37,29.85,80.5333,61.21,77,2,5.46
280,Shumskiy,RU,2022-10-14 14:11:38,54.8318,99.1328,31.14,93,95,3.0
281,Novikovo,RU,2022-10-14 14:11:38,51.1537,37.8879,47.16,56,56,6.93
282,Bereda,ES,2022-10-14 14:11:39,43.2686,-7.5406,71.15,69,0,7.58
283,New Norfolk,AU,2022-10-14 14:11:40,-42.7826,147.0587,51.3,65,63,1.99
284,Victoria,HK,2022-10-14 14:11:40,22.2855,114.1577,80.65,77,12,10.0
285,Yerbogachen,RU,2022-10-14 14:11:41,61.2767,108.0108,31.71,65,100,6.55
286,Faanui,PF,2022-10-14 14:11:41,-16.4833,-151.75,78.26,73,17,8.01
287,Bloomingdale,US,2022-10-14 14:11:42,27.8936,-82.2404,79.02,90,40,7.0
288,Nambucca Heads,AU,2022-10-14 14:11:42,-30.65,153.0,60.8,76,0,7.36
289,Matagami,CA,2022-10-14 14:11:43,49.7502,-77.6328,46.51,93,75,11.5
290,Lasa,IT,2022-10-14 14:11:43,46.6166,10.7002,62.69,60,100,2.3
291,Port Moresby,PG,2022-10-14 14:11:09,-9.4431,147.1797,77.52,90,43,8.05
292,Rovaniemi,FI,2022-10-14 14:11:44,66.5,25.7167,42.21,100,100,9.22
293,Ust-Nera,RU,2022-10-14 14:11:44,64.5667,143.2,5.56,99,99,2.84
294,Omboue,GA,2022-10-14 14:11:45,-1.5746,9.2618,78.84,85,100,9.93
295,Starosubkhangulovo,RU,2022-10-14 14:11:45,53.1031,57.4423,43.03,94,95,3.27
296,Bubaque,GW,2022-10-14 14:11:46,11.2833,-15.8333,82.31,74,88,8.03
297,Jumla,NP,2022-10-14 14:11:46,29.2747,82.1838,50.09,90,16,2.57
298,Bauchi,NG,2022-10-14 14:11:47,10.5,10.0,89.06,31,100,7.38
299,Praia Da Vitoria,PT,2022-10-14 14:11:47,38.7333,-27.0667,76.75,88,90,9.69
300,Chokwe,MZ,2022-10-14 14:11:48,-24.5333,32.9833,101.62,14,0,7.0
301,Francisco Sa,BR,2022-10-14 14:11:48,-16.4758,-43.4883,87.98,24,6,9.66
302,Bikapur,IN,2022-10-14 14:11:49,26.6,82.1333,76.28,62,0,4.05
303,Korla,CN,2022-10-14 14:11:49,41.7597,86.1469,56.44,28,0,1.66
304,Nantucket,US,2022-10-14 14:11:44,41.2835,-70.0995,69.91,86,100,21.85
305,Olafsvik,IS,2022-10-14 14:11:50,64.8945,-23.7142,40.35,79,83,31.09
306,Katsuura,JP,2022-10-14 14:11:50,35.1333,140.3,70.99,87,99,15.7
307,Margate,GB,2022-10-14 14:11:51,51.3813,1.3862,61.88,75,100,3.0
308,Hirara,JP,2022-10-14 14:11:51,24.8,125.2833,79.99,86,100,23.24
309,Wajir,KE,2022-10-14 14:11:52,1.7471,40.0573,92.19,31,55,15.3
310,Hastings,GB,2022-10-14 14:07:19,50.8552,0.5729,61.99,80,100,12.12
311,Manono,CD,2022-10-14 14:11:53,-7.3,27.4167,101.32,11,57,2.98
312,Leningradskiy,RU,2022-10-14 14:11:53,69.3833,178.4167,14.54,75,79,6.42
313,Ixtapa,MX,2022-10-14 14:11:54,20.7,-105.2,80.22,88,0,5.75
314,Ust-Ordynskiy,RU,2022-10-14 14:11:54,52.805,104.7508,29.95,87,81,5.79
315,Ler,SS,2022-10-14 14:11:55,8.3018,30.1418,85.24,64,74,3.98
316,Minyar,RU,2022-10-14 14:11:56,55.0709,57.5485,47.07,90,99,5.35
317,Russell,US,2022-10-14 14:11:56,32.3502,-85.1999,65.43,88,0,0.0
318,Galesong,ID,2022-10-14 14:08:07,-5.3166,119.3661,77.02,77,62,6.98
319,Richards Bay,ZA,2022-10-14 14:11:57,-28.783,32.0377,75.52,72,71,12.64
320,Planaltina,BR,2022-10-14 14:11:57,-15.4528,-47.6142,84.7,25,19,7.63
321,Scarborough,GB,2022-10-14 14:11:58,54.2797,-0.4044,63.79,67,30,5.99
322,Port Hedland,AU,2022-10-14 14:12:59,-20.3167,118.5667,68.05,73,2,6.91
323,San Vicente,AR,2022-10-14 14:12:59,-26.6167,-54.1333,69.96,71,98,4.81
324,Grand Forks,US,2022-10-14 14:13:00,47.9417,-97.4337,35.53,87,100,16.11
325,Dawei,MM,2022-10-14 14:13:00,14.0833,98.2,77.52,89,97,3.15
326,Adwa,ET,2022-10-14 14:13:01,14.1646,38.8955,70.79,49,100,6.67
327,Miyazu,JP,2022-10-14 14:13:01,35.5333,135.1833,61.59,85,73,1.63
328,Nuuk,GL,2022-10-14 14:13:02,64.1835,-51.7216,27.21,68,75,13.8
329,Muzhi,RU,2022-10-14 14:13:03,65.3667,64.6667,41.29,89,97,2.91
330,Livramento,BR,2022-10-14 14:13:04,-3.0254,-60.1803,83.08,74,20,8.05
331,Vostok,RU,2022-10-14 14:13:05,46.4856,135.8833,44.42,85,100,2.86
332,Gerardmer,FR,2022-10-14 14:13:06,48.0735,6.8779,57.04,97,100,6.85
333,Ningxiang,CN,2022-10-14 14:13:07,37.34,111.2052,51.96,55,100,1.07
334,Koulamoutou,GA,2022-10-14 14:13:07,-1.1303,12.4736,83.3,79,87,2.1
335,Narsaq,GL,2022-10-14 14:13:09,60.9167,-46.05,30.42,62,0,6.35
336,Barcelos,PT,2022-10-14 14:13:09,41.5388,-8.6151,74.91,64,7,8.68
337,Rocha,UY,2022-10-14 14:13:10,-34.4833,-54.3333,56.34,44,0,10.83
338,Coatepec Harinas,MX,2022-10-14 14:13:11,18.8949,-99.7215,52.74,82,65,2.17
339,Roma,US,2022-10-14 14:10:03,43.2128,-75.4557,53.82,90,0,5.75
340,Jiazi,CN,2022-10-14 14:13:12,22.8779,116.067,74.32,82,8,11.59
341,Paka,MY,2022-10-14 14:13:12,4.6374,103.4368,76.39,92,100,3.87
342,Zhezkazgan,KZ,2022-10-14 14:13:13,47.8043,67.7144,58.98,31,0,4.47
343,Vredendal,ZA,2022-10-14 14:13:14,-31.6683,18.5012,75.11,38,45,16.08
344,Malakal,SS,2022-10-14 14:13:14,9.5334,31.6605,87.67,62,75,0.27
345,Kainantu,PG,2022-10-14 14:13:15,-6.2887,145.8655,59.7,97,94,1.07
346,Port Shepstone,ZA,2022-10-14 14:13:16,-30.7414,30.455,71.11,78,83,19.1
347,Cairns,AU,2022-10-14 14:12:21,-16.9167,145.7667,75.15,83,7,8.05
348,Fukue,JP,2022-10-14 14:13:17,32.6881,128.8419,71.06,76,0,19.1
349,Asyut,EG,2022-10-14 14:13:17,27.181,31.1837,85.17,25,1,15.88
350,Yantal,RU,2022-10-14 14:12:19,56.8471,105.2542,30.33,95,100,5.77
351,Upington,ZA,2022-10-14 14:13:18,-28.4478,21.2561,93.94,6,83,14.99
352,Benguela,AO,2022-10-14 14:13:20,-12.5763,13.4055,79.68,66,26,12.06
353,East London,ZA,2022-10-14 14:09:45,-33.0153,27.9116,65.34,94,75,8.05
354,Portobelo,PA,2022-10-14 14:13:21,9.55,-79.65,81.95,81,75,1.77
355,Skibotn,NO,2022-10-14 14:13:22,69.3913,20.2679,39.31,85,78,6.55
356,Ekimchan,RU,2022-10-14 14:13:24,53.0667,132.9667,33.62,86,20,3.04
357,Necochea,AR,2022-10-14 14:13:25,-38.5473,-58.7368,54.55,40,91,1.72
358,Chapais,CA,2022-10-14 14:13:25,49.7834,-74.8492,47.98,88,100,8.5
359,Bindura,ZW,2022-10-14 14:13:26,-17.3019,31.3306,91.04,14,5,9.53
360,Patu,BR,2022-10-14 14:13:27,-6.11,-37.6367,91.26,32,26,12.66
361,Altay,CN,2022-10-14 14:13:28,47.8667,88.1167,43.97,41,60,4.36
362,Auki,SB,2022-10-14 14:13:29,-8.7676,160.7034,76.64,85,100,2.98
363,Kurilsk,RU,2022-10-14 14:13:29,45.2333,147.8833,50.29,85,0,7.72
364,Ipilan,PH,2022-10-14 14:13:30,8.8431,117.9033,79.11,84,100,3.18
365,Yacuiba,BO,2022-10-14 14:13:30,-22.038,-63.6797,77.68,35,100,4.72
366,Miles City,US,2022-10-14 14:13:31,46.4083,-105.8406,49.17,53,100,11.5
367,Goure,NE,2022-10-14 14:14:32,13.9835,10.2704,98.06,10,68,15.61
368,Umiray,PH,2022-10-14 14:14:32,15.2206,121.4111,79.25,87,92,7.25
369,Acari,PE,2022-10-14 14:14:33,-15.4311,-74.6158,69.64,48,2,5.61
370,Nizhniy Tsasuchey,RU,2022-10-14 14:12:14,50.5167,115.1333,36.52,44,5,17.58
371,Aguimes,ES,2022-10-14 14:14:34,27.9054,-15.4461,76.86,67,20,32.21
372,Naze,JP,2022-10-14 14:14:35,28.3667,129.4833,77.92,87,85,21.54
373,Don Sak,TH,2022-10-14 14:14:35,9.3168,99.6918,82.29,78,44,6.08
374,Kruisfontein,ZA,2022-10-14 14:14:36,-34.0033,24.7314,66.88,57,73,13.11
375,Islamkot,PK,2022-10-14 14:14:36,24.6997,70.177,90.34,20,0,9.44
376,Gornopravdinsk,RU,2022-10-14 14:14:37,60.05,69.9,43.99,65,100,10.92
377,Chumikan,RU,2022-10-14 14:12:17,54.7183,135.315,41.14,76,100,1.45
378,Kavaratti,IN,2022-10-14 14:14:38,10.5669,72.642,82.51,68,71,6.6
379,Okhotsk,RU,2022-10-14 14:14:39,59.3833,143.3,30.38,58,39,7.72
380,Bengkulu,ID,2022-10-14 14:14:39,-3.8004,102.2655,75.9,87,100,3.11
381,Chateaubelair,VC,2022-10-14 14:14:40,13.2833,-61.25,84.72,74,40,5.75
382,Tual,ID,2022-10-14 14:14:40,-5.6667,132.75,84.29,73,90,9.35
383,Gigmoto,PH,2022-10-14 14:14:41,13.7796,124.39,80.65,86,99,9.89
384,Navalmoral De La Mata,ES,2022-10-14 14:14:41,39.8916,-5.5406,87.96,22,5,5.03
385,Umm Lajj,SA,2022-10-14 14:14:42,25.0213,37.2685,84.67,59,0,13.51
386,Saint George,US,2022-10-14 14:12:43,37.1041,-113.5841,58.95,30,0,8.05
387,Kashi,CN,2022-10-14 14:14:43,39.4547,75.9797,61.81,29,0,4.47
388,Rio Brilhante,BR,2022-10-14 14:14:43,-21.8019,-54.5464,78.04,72,72,6.24
389,Havre-Saint-Pierre,CA,2022-10-14 14:14:44,50.2334,-63.5986,48.56,100,100,17.27
390,Huambo,AO,2022-10-14 14:14:44,-12.7761,15.7392,82.74,25,74,7.49
391,Tura,IN,2022-10-14 14:14:45,25.5198,90.2201,72.5,90,7,1.7
392,Grafton,US,2022-10-14 14:14:44,42.207,-71.6856,65.86,90,100,11.5
393,Makakilo City,US,2022-10-14 14:14:45,21.3469,-158.0858,73.98,79,0,4.61
394,Mangrol,IN,2022-10-14 14:14:46,21.1167,70.1167,83.61,59,33,7.7
395,Los Llanos De Aridane,ES,2022-10-14 14:14:46,28.6585,-17.9182,74.95,65,20,18.41
396,Goderich,CA,2022-10-14 14:10:12,43.7501,-81.7165,47.91,58,55,23.17
397,Bolobo,CD,2022-10-14 14:14:47,-2.1667,16.2333,82.31,65,94,3.94
398,Mezen,RU,2022-10-14 14:14:47,65.8522,44.24,38.37,96,100,6.96
399,Bambanglipuro,ID,2022-10-14 14:14:48,-7.95,110.2833,77.02,86,99,7.31
400,Saint-Pierre,RE,2022-10-14 14:14:48,-21.3393,55.4781,73.08,68,0,21.85
401,Bayji,IQ,2022-10-14 14:14:49,34.9311,43.487,90.72,13,0,6.22
402,San Jose,US,2022-10-14 14:11:16,37.3394,-121.895,57.74,90,100,3.44
403,Tabuk,PH,2022-10-14 14:14:50,17.4189,121.4443,73.44,96,88,4.43
404,Ilulissat,GL,2022-10-14 14:14:50,69.2167,-51.1,23.02,63,75,17.27
405,Vila Velha,BR,2022-10-14 14:14:51,-20.3297,-40.2925,84.15,72,20,11.5
406,Staryy Nadym,RU,2022-10-14 14:14:51,65.6118,72.6842,41.7,77,100,13.62
407,Andover,GB,2022-10-14 14:14:52,51.2083,-1.4825,60.53,98,75,6.91
408,Mariestad,SE,2022-10-14 14:14:52,58.7097,13.8237,55.38,88,85,6.02
409,Agirish,RU,2022-10-14 14:14:53,61.9247,63.0231,42.49,85,100,5.39
410,Petropavlovsk-Kamchatskiy,RU,2022-10-14 14:14:54,53.0452,158.6483,34.39,80,40,8.95
411,Emerald,AU,2022-10-14 14:14:54,-23.5333,148.1667,66.34,68,0,8.97
412,Agaro,ET,2022-10-14 14:14:54,7.85,36.65,71.76,83,83,1.79
413,Abha,SA,2022-10-14 14:14:55,18.2164,42.5053,73.22,60,40,14.97
414,Pacific Grove,US,2022-10-14 14:15:55,36.6177,-121.9166,55.02,96,100,3.44
415,Mantua,IT,2022-10-14 14:15:56,45.1667,10.7833,72.36,64,100,1.99
416,Teguise,ES,2022-10-14 14:15:56,29.0605,-13.564,77.22,65,40,16.11
417,Vlasenica,BA,2022-10-14 14:15:57,44.1819,18.9406,61.43,57,100,6.58
418,Tucuman,AR,2022-10-14 14:15:57,-26.8241,-65.2226,66.2,27,16,6.91
419,Vengerovo,RU,2022-10-14 14:15:58,55.6848,76.7471,43.16,54,100,13.58
420,Kaeo,NZ,2022-10-14 14:15:58,-35.1,173.7833,54.32,94,66,13.35
421,Kurush,RU,2022-10-14 14:15:59,41.2841,47.8345,38.35,95,97,2.73
422,Rio De Janeiro,BR,2022-10-14 14:12:11,-22.9028,-43.2075,77.95,80,100,6.91
423,Ketchikan,US,2022-10-14 14:15:59,55.3422,-131.6461,54.07,100,100,3.44
424,Duekoue,CI,2022-10-14 14:16:00,6.7472,-7.3496,87.33,57,69,2.68
425,Codrington,AU,2022-10-14 14:16:00,-38.2667,141.9667,45.12,96,13,9.57
426,Mikhaylovsk,RU,2022-10-14 14:16:01,45.1283,42.0256,59.11,58,75,2.24
427,Bombay,IN,2022-10-14 14:12:35,19.0144,72.8479,76.98,100,100,8.05
428,Gdov,RU,2022-10-14 14:16:02,58.7406,27.8122,51.24,74,100,12.71
429,Mareeba,AU,2022-10-14 14:16:02,-17.0,145.4333,70.52,87,13,2.71
430,Poum,NC,2022-10-14 14:16:03,-20.2333,164.0167,73.62,69,12,13.22
431,Labuan,MY,2022-10-14 14:16:03,5.2767,115.2417,80.96,89,20,2.3
432,Merritt Island,US,2022-10-14 14:16:05,28.5392,-80.672,83.08,71,0,11.5
433,Waddan,LY,2022-10-14 14:16:05,29.1614,16.139,88.18,32,98,17.52
434,Sabratah,LY,2022-10-14 14:16:05,32.7933,12.4885,78.01,54,14,14.79
435,Nizwa,OM,2022-10-14 14:16:06,22.9333,57.5333,86.41,13,0,3.62
436,Bandarbeyla,SO,2022-10-14 14:16:07,9.4942,50.8122,79.05,81,4,22.12
437,Palmerston,AU,2022-10-14 14:16:07,-12.486,130.9833,84.18,83,75,1.14
438,Sao Filipe,CV,2022-10-14 14:16:08,14.8961,-24.4956,79.39,77,44,6.17
439,Cuamba,MZ,2022-10-14 14:16:09,-14.8031,36.5372,93.02,14,5,8.12
440,Jiujiang,CN,2022-10-14 14:16:09,29.7333,115.9833,67.48,59,0,8.7
441,Salinas,US,2022-10-14 14:16:10,36.6777,-121.6555,56.01,96,100,3.44
442,Great Bend,US,2022-10-14 14:16:11,38.3645,-98.7648,50.61,57,0,6.91
443,Luanda,AO,2022-10-14 14:12:29,-8.8368,13.2343,82.4,69,40,13.8
444,Oparino,RU,2022-10-14 14:16:12,59.8518,48.2783,40.12,79,100,6.55
445,Riyadh,SA,2022-10-14 14:16:13,24.6877,46.7219,91.54,13,0,6.76
446,Amarwara,IN,2022-10-14 14:16:13,22.3,79.1667,65.53,71,1,5.95
447,Thabazimbi,ZA,2022-10-14 14:16:14,-24.5917,27.4116,97.21,10,96,7.67
448,Kibala,TD,2022-10-14 14:16:14,9.1104,18.3463,89.37,55,100,1.95
449,Tromso,NO,2022-10-14 14:16:15,69.6496,18.957,44.62,76,0,3.44
450,Nabire,ID,2022-10-14 14:16:15,-3.3667,135.4833,76.84,89,100,3.2
451,Khandagayty,RU,2022-10-14 14:16:16,50.7333,92.05,30.61,46,0,2.95
452,Kimbe,PG,2022-10-14 14:16:17,-5.5502,150.1429,75.85,93,82,2.86
453,Kichera,RU,2022-10-14 14:16:17,55.9375,110.0997,28.4,80,99,4.68
454,Iqaluit,CA,2022-10-14 14:16:18,63.7506,-68.5145,28.13,79,75,10.36
455,Atar,MR,2022-10-14 14:16:18,20.5169,-13.0499,96.28,17,72,5.39
456,Nola,IT,2022-10-14 14:16:19,40.922,14.5329,73.81,60,0,2.28
457,Mayumba,GA,2022-10-14 14:16:19,-3.432,10.6554,79.9,80,78,10.47
458,Axim,GH,2022-10-14 14:16:20,4.8699,-2.2405,81.59,73,96,12.19
459,La Rioja,ES,2022-10-14 14:16:20,42.25,-2.5,71.38,38,0,8.97
460,Faya,SA,2022-10-14 14:16:21,18.3851,42.4509,73.51,33,2,4.97
461,Tevaitoa,PF,2022-10-14 14:17:21,-16.7833,-151.5,78.13,72,0,7.76
462,Puerto Ayacucho,VE,2022-10-14 14:17:22,5.6639,-67.6236,84.45,70,99,3.24
463,Zwedru,LR,2022-10-14 14:17:23,6.0667,-8.1281,79.92,84,85,3.69
464,Te Anau,NZ,2022-10-14 14:14:49,-45.4167,167.7167,40.46,87,3,1.23
465,Rock Sound,BS,2022-10-14 14:17:24,24.9,-76.2,82.72,74,100,12.15
466,Sorong,ID,2022-10-14 14:17:24,-0.8833,131.25,80.2,81,100,3.04
467,Corrales,US,2022-10-14 14:17:25,35.2378,-106.6067,62.26,57,0,3.0
468,Balkanabat,TM,2022-10-14 14:17:25,39.5108,54.3671,74.73,28,5,1.63
469,Ayan,RU,2022-10-14 14:17:26,56.45,138.1667,39.47,67,3,4.81
470,Agar,IN,2022-10-14 14:17:27,23.7,76.0167,71.08,60,0,6.91
471,Tarakan,ID,2022-10-14 14:17:28,3.3,117.6333,82.63,77,74,7.36
472,Okha,RU,2022-10-14 14:17:28,53.5739,142.9478,38.57,86,14,2.84
473,Anadyr,RU,2022-10-14 14:17:29,64.75,177.4833,21.7,85,40,4.47
474,Dauphin,CA,2022-10-14 14:17:29,51.1494,-100.0502,33.94,80,100,11.5
475,Bardiyah,LY,2022-10-14 14:17:30,31.7561,25.0865,81.82,44,99,3.09
476,Pangnirtung,CA,2022-10-14 14:17:31,66.1451,-65.7125,28.4,64,100,0.0
477,Stephenville,US,2022-10-14 14:12:32,32.2207,-98.2023,67.77,43,0,1.99
478,Poya,NC,2022-10-14 14:17:32,-21.35,165.15,67.77,76,19,4.72
479,Opuwo,NA,2022-10-14 14:17:32,-18.0607,13.84,96.8,11,88,11.59
480,Toora-Khem,RU,2022-10-14 14:17:33,52.4675,96.11,25.32,77,2,3.0
481,Constitucion,CL,2022-10-14 14:17:33,-35.3333,-72.4167,58.68,55,0,11.3
482,Griffith,US,2022-10-14 14:17:34,41.5284,-87.4237,44.53,69,0,9.22
483,Rio Branco,BR,2022-10-14 14:13:49,-9.9747,-67.81,75.81,94,75,3.44
484,Comodoro Rivadavia,AR,2022-10-14 14:17:35,-45.8667,-67.5,57.06,41,0,14.97
485,Polunochnoye,RU,2022-10-14 14:17:35,60.8697,60.4153,42.13,91,100,4.16
486,Severnyy,RU,2022-10-14 14:17:35,50.677,36.5532,48.24,49,0,6.71
487,Bari,IT,2022-10-14 14:17:36,41.1177,16.8512,70.88,74,24,11.99
488,General Roca,AR,2022-10-14 14:17:37,-39.0333,-67.5833,63.34,13,93,13.98
489,Nelson,NZ,2022-10-14 14:17:37,-41.2833,173.2833,42.58,87,88,4.88
490,Miraflores,MX,2022-10-14 14:17:38,19.2167,-98.8083,59.04,65,23,2.66
491,Karratha,AU,2022-10-14 14:17:38,-20.7377,116.8463,73.51,49,4,7.96
492,Seoni,IN,2022-10-14 14:17:39,22.0833,79.5333,67.98,72,0,7.54
493,Kharovsk,RU,2022-10-14 14:17:40,59.9642,40.1912,39.27,90,71,4.03
494,Meulaboh,ID,2022-10-14 14:17:40,4.1363,96.1285,77.85,84,99,4.21
495,Sabzevar,IR,2022-10-14 14:17:41,36.2126,57.6819,78.08,17,0,4.61
496,Port Macquarie,AU,2022-10-14 14:17:42,-31.4333,152.9167,56.89,66,0,9.53
497,Ulaangom,MN,2022-10-14 14:17:42,49.9811,92.0667,36.61,38,0,1.36
498,Bilma,NE,2022-10-14 14:13:28,18.6853,12.9164,96.1,8,0,3.8
499,Kandrian,PG,2022-10-14 14:17:43,-6.2167,149.55,77.02,89,89,3.53
500,Buala,SB,2022-10-14 14:17:43,-8.145,159.5921,79.61,74,100,2.51
501,Rio Gallegos,AR,2022-10-14 14:15:53,-51.6226,-69.2181,55.45,41,75,25.32
502,Komsomolskiy,UZ,2022-10-14 14:17:44,40.4272,71.7189,66.92,32,100,0.0
503,Brownwood,US,2022-10-14 14:14:31,31.7093,-98.9912,63.21,27,0,4.07
504,Vardo,NO,2022-10-14 14:17:45,70.3705,31.1107,40.98,93,75,4.61
505,Makubetsu,JP,2022-10-14 14:17:45,45.3714,141.8211,53.01,84,100,7.7
506,Key Largo,US,2022-10-14 14:17:46,25.0865,-80.4473,81.0,75,100,6.85
507,Marshfield,US,2022-10-14 14:17:46,44.6689,-90.1718,34.68,93,100,10.36
508,Lufilufi,WS,2022-10-14 14:17:47,-13.8745,-171.5986,76.78,77,10,14.52
509,Flinders,AU,2022-10-14 14:18:47,-34.5833,150.8552,57.38,71,0,9.6
510,Labrea,BR,2022-10-14 14:18:48,-7.2586,-64.7981,85.57,60,99,5.14
511,Balao,EC,2022-10-14 14:18:49,-2.9167,-79.8167,73.87,72,93,3.47
512,Hobyo,SO,2022-10-14 14:18:49,5.3505,48.5268,79.29,78,6,18.79
513,Bonnyville,CA,2022-10-14 14:16:10,54.2668,-110.735,36.72,74,100,1.86
514,Ostersund,SE,2022-10-14 14:18:50,63.1792,14.6357,47.61,93,40,10.36
515,Qaqortoq,GL,2022-10-14 14:18:51,60.7167,-46.0333,29.21,59,0,6.11
516,Solnechnyy,RU,2022-10-14 14:18:51,50.7214,136.6319,41.83,86,100,1.19
517,Ust-Maya,RU,2022-10-14 14:18:52,60.4167,134.5333,30.33,95,100,2.8
518,Excelsior Springs,US,2022-10-14 14:18:52,39.3392,-94.2261,53.71,59,0,5.75
519,Skjervoy,NO,2022-10-14 14:18:53,70.0311,20.9714,37.4,69,100,7.72
520,Simao,CN,2022-10-14 14:18:53,22.7886,100.9748,64.47,96,100,2.59
521,Toamasina,MG,2022-10-14 14:18:54,-18.1667,49.3833,75.2,64,75,3.44
522,Torzhok,RU,2022-10-14 14:18:55,57.0436,34.9622,44.6,76,84,4.07
523,Burnie,AU,2022-10-14 14:18:55,-41.0667,145.9167,48.94,85,48,10.98
524,Sur,OM,2022-10-14 14:18:56,22.5667,59.5289,82.99,41,0,6.08
525,Broken Hill,AU,2022-10-14 14:18:56,-31.95,141.4333,56.73,54,1,4.09
526,Galeana,MX,2022-10-14 14:18:57,24.8333,-100.0667,62.06,64,0,0.67
527,Charters Towers,AU,2022-10-14 14:18:57,-20.1,146.2667,70.43,86,3,9.46
528,Kodinar,IN,2022-10-14 14:18:57,20.7903,70.7031,81.99,51,98,8.9
529,Sarangarh,IN,2022-10-14 14:18:58,21.6,83.0833,77.99,77,28,2.37
530,Butembo,CD,2022-10-14 14:18:59,0.15,29.2833,71.49,63,99,1.34
531,Muisne,EC,2022-10-14 14:19:00,0.6,-80.0333,74.66,78,99,8.3
532,Sola,VU,2022-10-14 14:19:01,-13.8833,167.55,79.56,75,95,10.58
533,Touros,BR,2022-10-14 14:16:57,-5.1989,-35.4608,85.87,53,7,19.04
534,Dudinka,RU,2022-10-14 14:19:01,69.4058,86.1778,33.62,99,100,13.65
535,Artesia,US,2022-10-14 14:16:10,33.8658,-118.0831,68.23,92,100,3.44
536,Cayenne,GF,2022-10-14 14:16:50,4.9333,-52.3333,87.84,66,75,12.66
537,Roebourne,AU,2022-10-14 14:19:03,-20.7833,117.1333,73.36,47,4,8.12
538,Alice Springs,AU,2022-10-14 14:19:03,-23.7,133.8833,62.15,39,69,9.22
539,Tooele,US,2022-10-14 14:19:04,40.5308,-112.2983,50.13,35,0,2.26
540,Santo Antonio Do Ica,BR,2022-10-14 14:19:04,-3.1022,-67.9397,75.92,92,100,5.1
541,Melvindale,US,2022-10-14 14:19:05,42.2825,-83.1752,48.38,48,100,12.66
542,Danli,HN,2022-10-14 14:19:06,14.0333,-86.5833,72.48,88,91,1.57
543,Mbalmayo,CM,2022-10-14 14:19:07,3.5167,11.5,68.79,99,100,2.06
544,Vrangel,RU,2022-10-14 14:19:07,42.7297,133.0839,56.03,91,100,4.54
545,Swellendam,ZA,2022-10-14 14:19:08,-34.0226,20.4417,60.91,87,96,13.29
546,Waipawa,NZ,2022-10-14 14:19:09,-41.4122,175.5153,44.08,84,100,5.39
547,Ahipara,NZ,2022-10-14 14:19:10,-35.1667,173.1667,53.64,81,32,10.33
548,Aradeo,IT,2022-10-14 14:19:10,40.1309,18.1296,72.57,94,40,10.36
549,Hyeres,FR,2022-10-14 14:19:11,43.1167,6.1167,81.25,57,0,14.97
550,Oranjestad,AW,2022-10-14 14:19:12,12.524,-70.027,86.92,74,40,18.41
551,Ngunguru,NZ,2022-10-14 14:19:12,-35.6167,174.5,56.62,76,100,21.36
552,Dingle,PH,2022-10-14 14:19:13,10.9995,122.6711,77.49,89,69,3.91
553,Manjeshwar,IN,2022-10-14 14:20:14,12.7194,74.8861,81.55,85,100,3.62
554,Socorro,US,2022-10-14 14:20:15,31.6546,-106.3033,69.37,67,75,4.61
555,Buenos Aires,AR,2022-10-14 14:19:47,-34.6132,-58.3772,62.49,57,40,12.66
556,Kouroussa,GN,2022-10-14 14:20:16,10.65,-9.8833,87.03,59,41,2.19
557,Simplicio Mendes,BR,2022-10-14 14:20:17,-7.8539,-41.9103,94.66,28,36,10.02
558,Kamaishi,JP,2022-10-14 14:20:18,39.2667,141.8833,61.77,84,100,0.69
559,Chifeng,CN,2022-10-14 14:20:19,42.2683,118.9636,56.39,26,0,6.33
560,Vestmanna,FO,2022-10-14 14:20:19,62.1564,-7.1664,43.72,76,75,24.16
561,Ust-Kan,RU,2022-10-14 14:20:20,50.9276,84.761,39.61,40,19,2.66
562,Nemuro,JP,2022-10-14 14:20:21,43.3236,145.575,57.34,76,100,10.71
563,Panguipulli,CL,2022-10-14 14:16:14,-39.6333,-72.3333,57.16,56,3,2.17
564,Payson,US,2022-10-14 14:20:07,40.0444,-111.7321,51.46,49,0,3.0
565,Gizo,SB,2022-10-14 14:20:22,-8.103,156.8419,82.35,75,100,6.71
566,Kudahuvadhoo,MV,2022-10-14 14:20:23,2.6708,72.8944,80.35,80,100,23.58
567,Moron,AR,2022-10-14 14:20:23,-34.6534,-58.6198,62.49,57,72,9.8
568,Kozhva,RU,2022-10-14 14:20:24,65.1073,57.0459,39.29,86,78,2.19
569,Pedernales,DO,2022-10-14 14:20:24,18.0384,-71.744,84.22,60,38,3.18
570,Mataram,ID,2022-10-14 14:20:25,-8.5833,116.1167,79.61,82,45,7.83
571,Harrisburg,US,2022-10-14 14:20:25,40.2737,-76.8844,58.73,95,100,4.61
572,Saint-Georges,GD,2022-10-14 14:20:26,12.0564,-61.7485,87.48,70,40,16.11
573,Launceston,AU,2022-10-14 14:15:41,-41.45,147.1667,50.81,93,40,9.22
574,Imbituba,BR,2022-10-14 14:20:27,-28.24,-48.6703,67.86,92,100,11.92
575,Wajima,JP,2022-10-14 14:20:27,37.4,136.9,65.44,80,92,6.6
576,Ancud,CL,2022-10-14 14:20:28,-41.8697,-73.8203,51.6,76,15,4.65
577,Alto Parana,BR,2022-10-14 14:20:28,-23.1289,-52.3189,75.02,69,86,11.86
578,Murgab,TM,2022-10-14 14:20:29,37.4966,61.9714,73.27,40,8,6.91
579,Kungurtug,RU,2022-10-14 14:20:30,50.5994,97.5228,24.78,72,75,2.48
580,Itoman,JP,2022-10-14 14:20:30,26.1247,127.6694,81.37,92,75,19.57
581,High Level,CA,2022-10-14 14:20:31,58.5169,-117.136,51.91,58,100,18.41
582,Juruti,BR,2022-10-14 14:20:31,-2.1522,-56.0922,91.2,49,80,6.15
583,Anchorage,US,2022-10-14 14:19:40,61.2181,-149.9003,36.66,66,75,12.66
584,Payo,ID,2022-10-14 14:20:32,-3.7508,103.6372,73.8,96,100,2.64
585,Zhigansk,RU,2022-10-14 14:20:32,66.7697,123.3711,16.84,98,81,7.87
586,Lansdale,US,2022-10-14 14:19:25,40.2415,-75.2838,58.59,82,100,3.44
587,Sesheke,ZM,2022-10-14 14:20:33,-17.4759,24.2968,98.22,9,7,8.37
588,Pierre,US,2022-10-14 14:20:34,44.3683,-100.351,52.86,52,100,23.02
